Sample_ID,Stream_Site,associated voucher specimen?
SSI-Yuba-44346-A1,Rattlesnake,
SSI-Yuba-44346-A2,Goodyears,
SSI-Yuba-44346-A3,Goodyears,
SSI-Yuba-44346-A4,Deer 10,
SSI-Yuba-44346-A5,Bear 1,
SSI-Yuba-44346-A6,Goodyears,
SSI-Yuba-44346-A7,Goodyears,
SSI-Yuba-44346-A8,Deer 10,
SSI-Yuba-44346-A9,Deer 10,
SSI-Yuba-44346-A10,Goodyears,
SSI-Yuba-44346-A11,Deer 10,
SSI-Yuba-44346-A12,Deer 10,
SSI-Yuba-44346-B1,Goodyears,
SSI-Yuba-44346-B2,Goodyears,
SSI-Yuba-44346-B3,Deer 10,
SSI-Yuba-44346-B4,Goodyears,
SSI-Yuba-44346-B5,Deer 10,
SSI-Yuba-44346-B6,Goodyears,
SSI-Yuba-44346-B7,Deer 10,
SSI-Yuba-44346-B8,Goodyears,
SSI-Yuba-44346-B9,Goodyears,
SSI-Yuba-44346-B10,Oregon-Ridge,
SSI-Yuba-44346-B11,Goodyears,
SSI-Yuba-44346-B12,Deer 10,
SSI-Yuba-44346-C1,Pauley,
SSI-Yuba-44346-C2,Bear 1,
SSI-Yuba-44346-C3,Goodyears,
SSI-Yuba-44346-C4,Goodyears,
SSI-Yuba-44346-C5,Pauley,
SSI-Yuba-44346-C6,Bear 1,
SSI-Yuba-44346-C7,Oregon-Ridge,
SSI-Yuba-44346-C8,Deer 10,
SSI-Yuba-44346-C9,Goodyears,
SSI-Yuba-44346-C10,South Fork Yuba-Golden quartz,
SSI-Yuba-44346-C11,Rattlesnake,
SSI-Yuba-44346-C12,Goodyears,
SSI-Yuba-44346-D1,Goodyears,
SSI-Yuba-44346-D2,Bear 1,
SSI-Yuba-44346-D3,Deer 10,
SSI-Yuba-44346-D4,Poorman,
SSI-Yuba-44346-D5,Poorman,
SSI-Yuba-44346-D6,Poorman,
SSI-Yuba-44346-D7,Poorman,
SSI-Yuba-44346-D8,Poorman,
SSI-Yuba-44346-D9,Poorman,
SSI-Yuba-44346-D10,Poorman,
SSI-Yuba-44346-D11,Poorman,
SSI-Yuba-44346-D12,Poorman,
SSI-Yuba-44346-E1,Poorman,
SSI-Yuba-44346-E2,Poorman,
SSI-Yuba-44346-E3,Poorman,
SSI-Yuba-44346-E4,Poorman,
SSI-Yuba-44346-E5,Poorman,
SSI-Yuba-44346-E6,Poorman,
SSI-Yuba-44346-E7,Poorman,
SSI-Yuba-44346-E8,Poorman,
SSI-Yuba-44346-E9,Oregon-Ridge,
SSI-Yuba-44346-E10,Oregon-Ridge,
SSI-Yuba-44346-E11,Oregon-Ridge,
SSI-Yuba-44346-E12,Oregon-Ridge,
SSI-Yuba-44346-F1,Oregon-Ridge,
SSI-Yuba-44346-F2,Oregon-Ridge,
SSI-Yuba-44346-F3,Oregon-Ridge,
SSI-Yuba-44346-F4,Oregon-Ridge,
SSI-Yuba-44346-F5,Oregon-Ridge,
SSI-Yuba-44346-F6,Oregon-Ridge,
SSI-Yuba-44346-F7,Oregon-Ridge,
SSI-Yuba-44346-F8,Oregon-Ridge,
SSI-Yuba-44346-F9,Oregon-Ridge,
SSI-Yuba-44346-F10,South Fork Yuba-Golden quartz,
SSI-Yuba-44346-F11,South Fork Yuba-Golden quartz,
SSI-Yuba-44346-F12,South Fork Yuba-Golden quartz,
SSI-Yuba-44346-G1,South Fork Yuba-Golden quartz,
SSI-Yuba-44346-G2,South Fork Yuba-Golden quartz,
SSI-Yuba-44346-G3,South Fork Yuba-Golden quartz,
SSI-Yuba-44346-G4,South Fork Yuba-Golden quartz,
SSI-Yuba-44346-G5,South Fork Yuba-Golden quartz,
SSI-Yuba-44346-G6,South Fork Yuba-Golden quartz,
SSI-Yuba-44346-G7,South Fork Yuba-Golden quartz,
SSI-Yuba-44346-G8,South Fork Yuba-Golden quartz,
SSI-Yuba-44346-G9,South Fork Yuba-Golden quartz,
SSI-Yuba-44346-G10,South Fork Yuba-Golden quartz,
SSI-Yuba-44346-G11,Rattlesnake,
SSI-Yuba-44346-G12,Rattlesnake,
SSI-Yuba-44346-H1,Rattlesnake,
SSI-Yuba-44346-H2,Rattlesnake,
SSI-Yuba-44346-H3,Rattlesnake,
SSI-Yuba-44346-H4,Rattlesnake,
SSI-Yuba-44346-H5,Rattlesnake,
SSI-Yuba-44346-H6,Rattlesnake,
SSI-Yuba-44346-H7,Rattlesnake,
SSI-Yuba-44346-H8,Rattlesnake,
SSI-Yuba-44346-H9,Rattlesnake,
SSI-Yuba-44346-H10,Goodyears,
SSI-Yuba-44346-H11,Goodyears,
SSI-Yuba-44347-A1,Poorman,
SSI-Yuba-44347-A2,Poorman,
SSI-Yuba-44347-A3,Poorman,
SSI-Yuba-44347-A4,Poorman,
SSI-Yuba-44347-A5,Poorman,
SSI-Yuba-44347-A6,Poorman,
SSI-Yuba-44347-A7,Poorman,
SSI-Yuba-44347-A8,Poorman,
SSI-Yuba-44347-A9,Poorman,
SSI-Yuba-44347-A10,Poorman,
SSI-Yuba-44347-A11,Poorman,
SSI-Yuba-44347-A12,Poorman,
SSI-Yuba-44347-B1,Oregon-Ridge,
SSI-Yuba-44347-B2,Oregon-Ridge,
SSI-Yuba-44347-B3,Oregon-Ridge,
SSI-Yuba-44347-B4,Oregon-Ridge,
SSI-Yuba-44347-B5,Oregon-Ridge,
SSI-Yuba-44347-B6,Oregon-Ridge,
SSI-Yuba-44347-B7,Oregon-Ridge,
SSI-Yuba-44347-B8,Oregon-Ridge,
SSI-Yuba-44347-B9,Oregon-Ridge,
SSI-Yuba-44347-B10,Oregon-Ridge,
SSI-Yuba-44347-B11,Oregon-Ridge,
SSI-Yuba-44347-B12,Oregon-Ridge,
SSI-Yuba-44347-C1,South Fork Yuba-Golden quartz,
SSI-Yuba-44347-C2,South Fork Yuba-Golden quartz,
SSI-Yuba-44347-C3,South Fork Yuba-Golden quartz,
SSI-Yuba-44347-C4,South Fork Yuba-Golden quartz,
SSI-Yuba-44347-C5,South Fork Yuba-Golden quartz,
SSI-Yuba-44347-C6,South Fork Yuba-Golden quartz,
SSI-Yuba-44347-C7,South Fork Yuba-Golden quartz,
SSI-Yuba-44347-C8,South Fork Yuba-Golden quartz,
SSI-Yuba-44347-C9,South Fork Yuba-Golden quartz,
SSI-Yuba-44347-C10,South Fork Yuba-Golden quartz,
SSI-Yuba-44347-C11,South Fork Yuba-Golden quartz,
SSI-Yuba-44347-C12,Rattlesnake,
SSI-Yuba-44347-D1,Rattlesnake,
SSI-Yuba-44347-D2,Rattlesnake,
SSI-Yuba-44347-D3,Rattlesnake,
SSI-Yuba-44347-D4,Rattlesnake,
SSI-Yuba-44347-D5,Rattlesnake,
SSI-Yuba-44347-D6,Rattlesnake,
SSI-Yuba-44347-D7,Rattlesnake,
SSI-Yuba-44347-D8,Rattlesnake,
SSI-Yuba-44347-D9,Rattlesnake,
SSI-Yuba-44347-D10,Goodyears,
SSI-Yuba-44347-D11,Goodyears,
SSI-Yuba-44347-D12,Goodyears,
SSI-Yuba-44347-E1,Goodyears,
SSI-Yuba-44347-E2,Goodyears,
SSI-Yuba-44347-E3,Goodyears,
SSI-Yuba-44347-E4,Goodyears,
SSI-Yuba-44347-E5,Goodyears,
SSI-Yuba-44347-E6,Rock,
SSI-Yuba-44347-E7,Rock,
SSI-Yuba-44347-E8,Rock,
SSI-Yuba-44347-E9,Rock,
SSI-Yuba-44347-E10,Rock,
SSI-Yuba-44347-E11,Rock,
SSI-Yuba-44347-E12,Rock,
SSI-Yuba-44347-F1,Fall,
SSI-Yuba-44347-F2,Fall,
SSI-Yuba-44347-F3,Fall,
SSI-Yuba-44347-F4,Fall,
SSI-Yuba-44347-F5,Fall,
SSI-Yuba-44347-F6,Rush,
SSI-Yuba-44347-F7,Rush,
SSI-Yuba-44347-F8,Rush,
SSI-Yuba-44347-F9,Rush,
SSI-Yuba-44347-F10,Rush,
SSI-Yuba-44347-F11,Rush,
SSI-Yuba-44347-F12,Rush,
SSI-Yuba-44347-G1,Rush,
SSI-Yuba-44347-G2,Haypress,
SSI-Yuba-44347-G3,Haypress,
SSI-Yuba-44347-G4,Haypress,
SSI-Yuba-44347-G5,Haypress,
SSI-Yuba-44347-G6,Haypress,
SSI-Yuba-44347-G7,Haypress,
SSI-Yuba-44347-G8,Haypress,
SSI-Yuba-44347-G9,Haypress,
SSI-Yuba-44347-G10,Haypress,
SSI-Yuba-44347-G11,Haypress,
SSI-Yuba-44347-G12,Haypress,
SSI-Yuba-44347-H1,Haypress,
SSI-Yuba-44347-H2,Haypress,
SSI-Yuba-44347-H3,Haypress,
SSI-Yuba-44347-H4,Haypress,
SSI-Yuba-44347-H5,Haypress,
SSI-Yuba-44347-H6,Haypress,
SSI-Yuba-44347-H7,Haypress,
SSI-Yuba-44347-H8,Haypress,
SSI-Yuba-44347-H9,Haypress,
SSI-Yuba-44347-H10,Haypress,
SSI-Yuba-44347-H11,Haypress,
SSI-Yuba-44348-A1,Goodyears,
SSI-Yuba-44348-A2,Goodyears,
SSI-Yuba-44348-A3,Goodyears,
SSI-Yuba-44348-A4,Goodyears,
SSI-Yuba-44348-A5,Goodyears,
SSI-Yuba-44348-A6,Goodyears,
SSI-Yuba-44348-A7,Goodyears,
SSI-Yuba-44348-A8,Goodyears,
SSI-Yuba-44348-A9,Goodyears,
SSI-Yuba-44348-A10,Goodyears,
SSI-Yuba-44348-A11,Goodyears,
SSI-Yuba-44348-A12,Goodyears,
SSI-Yuba-44348-B1,Goodyears,
SSI-Yuba-44348-B2,Goodyears,
SSI-Yuba-44348-B3,Goodyears,
SSI-Yuba-44348-B4,Goodyears,
SSI-Yuba-44348-B5,Lower Yuba,
SSI-Yuba-44348-B6,Lower Yuba,
SSI-Yuba-44348-B7,Lower Yuba,
SSI-Yuba-44348-B8,Lower Yuba,
SSI-Yuba-44348-B9,Lower Yuba,
SSI-Yuba-44348-B10,Lower Yuba,
SSI-Yuba-44348-B11,Lower Yuba,
SSI-Yuba-44348-B12,Lower Yuba,
SSI-Yuba-44348-C1,Lower Yuba,
SSI-Yuba-44348-C2,Deer 10,
SSI-Yuba-44348-C3,Deer 10,
SSI-Yuba-44348-C4,Deer 10,
SSI-Yuba-44348-C5,Deer 10,
SSI-Yuba-44348-C6,Deer 10,
SSI-Yuba-44348-C7,Deer 10,
SSI-Yuba-44348-C8,Deer 10,
SSI-Yuba-44348-C9,Deer 10,
SSI-Yuba-44348-C10,Deer 10,
SSI-Yuba-44348-C11,Deer 10,
SSI-Yuba-44348-C12,Deer 10,
SSI-Yuba-44348-D1,Deer 10,
SSI-Yuba-44348-D2,Deer 2,
SSI-Yuba-44348-D3,Deer 2,
SSI-Yuba-44348-D4,Deer 2,
SSI-Yuba-44348-D5,Deer 2,
SSI-Yuba-44348-D6,Deer 2,
SSI-Yuba-44348-D7,Deer 2,
SSI-Yuba-44348-D8,Deer 2,
SSI-Yuba-44348-D9,Deer 2,
SSI-Yuba-44348-D10,Deer 2,
SSI-Yuba-44348-D11,Deer 2,
SSI-Yuba-44348-D12,Shady,
SSI-Yuba-44348-E1,Shady,
SSI-Yuba-44348-E2,Shady,
SSI-Yuba-44348-E3,Shady,
SSI-Yuba-44348-E4,Shady,
SSI-Yuba-44348-E5,Shady,
SSI-Yuba-44348-E6,Shady,
SSI-Yuba-44348-E7,Shady,
SSI-Yuba-44348-E8,Shady,
SSI-Yuba-44348-E9,South Fork Yuba-Purdon,
SSI-Yuba-44348-E10,South Fork Yuba-Purdon,
SSI-Yuba-44348-E11,South Fork Yuba-Purdon,
SSI-Yuba-44348-E12,South Fork Yuba-Purdon,
SSI-Yuba-44348-F1,South Fork Yuba-Purdon,
SSI-Yuba-44348-F2,South Fork Yuba-Purdon,
SSI-Yuba-44348-F3,South Fork Yuba-Purdon,
SSI-Yuba-44348-F4,South Fork Yuba-Purdon,
SSI-Yuba-44348-F5,South Fork Yuba-Purdon,
SSI-Yuba-44348-F6,South Fork Yuba-Purdon,
SSI-Yuba-44348-F7,South Fork Yuba-Purdon,
SSI-Yuba-44348-F8,South Fork Yuba-Purdon,
SSI-Yuba-44348-F9,South Fork Yuba-Purdon,
SSI-Yuba-44348-F10,Pauley,
SSI-Yuba-44348-F11,Pauley,
SSI-Yuba-44348-F12,Pauley,
SSI-Yuba-44348-G1,Pauley,
SSI-Yuba-44348-G2,Pauley,
SSI-Yuba-44348-G3,Pauley,
SSI-Yuba-44348-G4,Pauley,
SSI-Yuba-44348-G5,Pauley,
SSI-Yuba-44348-G6,Pauley,
SSI-Yuba-44348-G7,Pauley,
SSI-Yuba-44348-G8,Rock,
SSI-Yuba-44348-G9,Rock,
SSI-Yuba-44348-G10,Rock,
SSI-Yuba-44348-G11,Rock,
SSI-Yuba-44348-G12,Rock,
SSI-Yuba-44348-H1,Rock,
SSI-Yuba-44348-H2,Rock,
SSI-Yuba-44348-H3,Rock,
SSI-Yuba-44348-H4,Rock,
SSI-Yuba-44348-H5,Rock,
SSI-Yuba-44348-H6,Rock,
SSI-Yuba-44348-H7,Rock,
SSI-Yuba-44348-H8,Rock,
SSI-Yuba-44348-H9,Fall,
SSI-Yuba-44348-H10,Fall,
SSI-Yuba-44348-H11,Fall,
SSI-Yuba-44349-A1,Rush,
SSI-Yuba-44349-A2,Rush,
SSI-Yuba-44349-A3,Rush,
SSI-Yuba-44349-A4,Rush,2-H8
SSI-Yuba-44349-A5,Rush,2-I1
SSI-Yuba-44349-A6,Rush,2-I3
SSI-Yuba-44349-A7,Rush,2-I6
SSI-Yuba-44349-A8,Rush,None
SSI-Yuba-44349-A9,Rush,2-I7
SSI-Yuba-44349-A10,Haypress,2-J1
SSI-Yuba-44349-A11,Haypress,None
SSI-Yuba-44349-A12,Haypress,2-J2
SSI-Yuba-44349-B1,Haypress,2-J4
SSI-Yuba-44349-B2,Haypress,None
SSI-Yuba-44349-B3,Haypress,2-J7
SSI-Yuba-44349-B4,Haypress,2-K1
SSI-Yuba-44349-B5,Haypress,2-K2
SSI-Yuba-44349-B6,Haypress,2-K4
SSI-Yuba-44349-B7,Haypress,2-K6
SSI-Yuba-44349-B8,Haypress,None
SSI-Yuba-44349-B9,Haypress,None
SSI-Yuba-44349-B10,Haypress,None
SSI-Yuba-44349-B11,Haypress,None
SSI-Yuba-44349-B12,Haypress,2-L2
SSI-Yuba-44349-C1,Haypress,2-L4
SSI-Yuba-44349-C2,Fall,2-L5
SSI-Yuba-44349-C3,Fall,None
SSI-Yuba-44349-C4,Fall,None
SSI-Yuba-44349-C5,Fall,2-M3
SSI-Yuba-44349-C6,Fall,2-M4
SSI-Yuba-44349-C7,Fall,2-M5
SSI-Yuba-44349-C8,Fall,2-M6
SSI-Yuba-44349-C9,Fall,None
SSI-Yuba-44349-C10,Fall,None
SSI-Yuba-44349-C11,Fall,2-M7
SSI-Yuba-44349-C12,Fall,None
SSI-Yuba-44349-D1,Fall,None
SSI-Yuba-44349-D2,Fall,None
SSI-Yuba-44349-D3,Fall,None
SSI-Yuba-44349-D4,Fall,None
SSI-Yuba-44349-D5,Fall,None
SSI-Yuba-44349-D6,Fall,2-M8
SSI-Yuba-44349-D7,Fall,2-N1
SSI-Yuba-44349-D8,Fall,None
SSI-Yuba-44349-D9,Fall,None
SSI-Yuba-44349-D10,Fall,None
SSI-Yuba-44349-D11,Fall,None
SSI-Yuba-44349-D12,Fall,None
SSI-Yuba-44349-E1,Fall,None
SSI-Yuba-44349-E2,Poorman,2-N2
SSI-Yuba-44349-E3,Poorman,2-N3
SSI-Yuba-44349-E4,Poorman,2-N4
SSI-Yuba-44349-E5,Poorman,2-N5
SSI-Yuba-44349-E6,Poorman,None
SSI-Yuba-44349-E7,Poorman,2-N6
SSI-Yuba-44349-E8,Poorman,2-N7
SSI-Yuba-44349-E9,Poorman,2-N8
SSI-Yuba-44349-E10,Poorman,3-A1
SSI-Yuba-44349-E11,Poorman,3-A2
SSI-Yuba-44349-E12,Poorman,3-A3
SSI-Yuba-44349-F1,Poorman,3-A4
SSI-Yuba-44349-F2,Poorman,3-A5
SSI-Yuba-44349-F3,Poorman,None
SSI-Yuba-44349-F4,Poorman,None
SSI-Yuba-44349-F5,Poorman,3-A6
SSI-Yuba-44349-F6,Poorman,3-A7
SSI-Yuba-44349-F7,Poorman,3-A8
SSI-Yuba-44349-F8,Poorman,None
SSI-Yuba-44349-F9,Poorman,None
SSI-Yuba-44349-F10,Fall,None
SSI-Yuba-44349-F11,Fall,None
SSI-Yuba-44349-F12,Fall,None
SSI-Yuba-44349-G1,Fall,3-B1
SSI-Yuba-44349-G2,Fall,3-B2
SSI-Yuba-44349-G3,Fall,3-B3
SSI-Yuba-44349-G4,Fall,None
SSI-Yuba-44349-G5,Fall,3-B4
SSI-Yuba-44349-G6,Fall,3-B5
SSI-Yuba-44349-G7,Shady,None
SSI-Yuba-44349-G8,Shady,3-B6
SSI-Yuba-44349-G9,Shady,3-B7
SSI-Yuba-44349-G10,Shady,3-B8
SSI-Yuba-44349-G11,Shady,3-C1
SSI-Yuba-44349-G12,South Fork Wolf,3-C2
SSI-Yuba-44349-H1,South Fork Wolf,3-C3
SSI-Yuba-44349-H2,South Fork Wolf,None
SSI-Yuba-44349-H3,South Fork Wolf,None
SSI-Yuba-44349-H4,South Fork Wolf,3-C4
SSI-Yuba-44349-H5,South Fork Wolf,3-C5
SSI-Yuba-44349-H6,South Fork Wolf,3-C6
SSI-Yuba-44349-H7,South Fork Wolf,None
SSI-Yuba-44349-H8,Pauley,None
SSI-Yuba-44349-H9,Pauley,3-C7
SSI-Yuba-44349-H10,Pauley,3-C8
SSI-Yuba-44349-H11,Pauley,3-D1
SSI-Yuba-44350-A1,Goodyears Creek,3-D2
SSI-Yuba-44350-A2,Goodyears Creek,3-D3
SSI-Yuba-44350-A3,Goodyears Creek,3-D4
SSI-Yuba-44350-A4,Goodyears Creek,
SSI-Yuba-44350-A5,Goodyears Creek,
SSI-Yuba-44350-A6,Goodyears Creek,
SSI-Yuba-44350-A7,Goodyears Creek,
SSI-Yuba-44350-A8,Goodyears Creek,
SSI-Yuba-44350-A9,Pauley Creek,
SSI-Yuba-44350-A10,Pauley Creek,
SSI-Yuba-44350-A11,Deer Creek 1 - Headwaters,
SSI-Yuba-44350-A12,Deer Creek 1 - Headwaters,
SSI-Yuba-44350-B1,Deer Creek 1 - Headwaters,
SSI-Yuba-44350-B2,Deer Creek 1 - Headwaters,
SSI-Yuba-44350-B3,Deer Creek 1 - Headwaters,
SSI-Yuba-44350-B4,SF Yuba - Golden Quartz,
SSI-Yuba-44350-B5,Rock Creek,
SSI-Yuba-44350-B6,Rock Creek,
SSI-Yuba-44350-B7,Rock Creek,
SSI-Sentinel-44350-B8,Nelson Creek - Zumwaldt Flat,
SSI-Sentinel-44350-B9,Butte Creek - Below Confluence,
SSI-Sentinel-44350-B10,Warner Creek - Above Campground,
SSI-Sentinel-44350-B11,EF Nelson Creek- Below McRae,
SSI-Sentinel-44350-B12,Convict Creek - SNARL,
SSI-Sentinel-44350-C1,Warner Creek - Above Campground,
SSI-Sentinel-44350-C2,Willow Creek,
SSI-Sentinel-44350-C3,Cat Creek,
SSI-Sentinel-44350-C4,Sagehen Creek -Below HWY 89,
SSI-Sentinel-44350-C5,Robinson Creek,
SSI-Sentinel-44350-C6,Upper Tyndall Creek,
SSI-Sentinel-44350-C7,McCloud River - Above Algoma,
SSI-Sentinel-44350-C8,Butte Creek - Below Confluence,
SSI-Sentinel-44350-C9,Crown Creek,
SSI-Yuba-44350-C10,Bear River 1 - Discovery Trail,
SSI-Yuba-44350-C11,Bear River 1 - Discovery Trail,
SSI-Yuba-44350-C12,Bear River 1 - Discovery Trail,
SSI-Yuba-44350-D1,Bear River 1 - Discovery Trail,
SSI-Yuba-44350-D2,Bear River 1 - Discovery Trail,
SSI-Yuba-44350-D3,Bear River 1 - Discovery Trail,
SSI-Yuba-44350-D4,Bear River 1 - Discovery Trail,
SSI-Yuba-44350-D5,Bear River 1 - Discovery Trail,
SSI-Yuba-44350-D6,Bear River 1 - Discovery Trail,
SSI-Yuba-44350-D7,Bear River 1 - Discovery Trail,
SSI-Yuba-44350-D8,Bear River 1 - Discovery Trail,
SSI-Yuba-44350-D9,Bear River 1 - Discovery Trail,
SSI-Yuba-44350-D10,Bear River 1 - Discovery Trail,
SSI-Yuba-44350-D11,Bear River 1 - Discovery Trail,
SSI-Yuba-44350-D12,Bear River 1 - Discovery Trail,
SSI-Yuba-44350-E1,Bear River 1 - Discovery Trail,
SSI-Yuba-44350-E2,Bear River 1 - Discovery Trail,
SSI-Yuba-44350-E3,Bear River 1 - Discovery Trail,
SSI-Yuba-44350-E4,Bear River 1 - Discovery Trail,
SSI-Yuba-44350-E5,Bear River 1 - Discovery Trail,
SSI-Yuba-44350-E6,Bear River 1 - Discovery Trail,
SSI-Yuba-44350-E7,Bear River 1 - Discovery Trail,
SSI-Yuba-44350-E8,Bear River 1 - Discovery Trail,
SSI-Yuba-44350-E9,Bear River 1 - Discovery Trail,
SSI-Yuba-44350-E10,Bear River 1 - Discovery Trail,
SSI-Yuba-44350-E11,Bear River 1 - Discovery Trail,
SSI-Yuba-44350-E12,Bear River 1 - Discovery Trail,
SSI-Yuba-44350-F1,Bear River 1 - Discovery Trail,
SSI-Yuba-44350-F2,Bear River 1 - Discovery Trail,
SSI-Yuba-44350-F3,Bear River 1 - Discovery Trail,
SSI-Yuba-44350-F4,Bear River 1 - Discovery Trail,
SSI-Yuba-44350-F5,Bear River 1 - Discovery Trail,
SSI-Yuba-44350-F6,Bear River 1 - Discovery Trail,
SSI-Yuba-44350-F7,Bear River 1 - Discovery Trail,
SSI-Yuba-44350-F8,Bear River 1 - Discovery Trail,
SSI-Yuba-44350-F9,Bear River 1 - Discovery Trail,
SSI-Yuba-44350-F10,Bear River 1 - Discovery Trail,
SSI-Yuba-44350-F11,Bear River 1 - Discovery Trail,
SSI-Yuba-44350-F12,Bear River 1 - Discovery Trail,
SSI-Yuba-44350-G1,Bear River 1 - Discovery Trail,
SSI-Yuba-44350-G2,Bear River 1 - Discovery Trail,
SSI-Yuba-44350-G3,Bear River 1 - Discovery Trail,
SSI-Yuba-44350-G4,Bear River 1 - Discovery Trail,
SSI-Yuba-44350-G5,Bear River 1 - Discovery Trail,
SSI-Yuba-44350-G6,Bear River 1 - Discovery Trail,
SSI-Yuba-44350-G7,Bear River 1 - Discovery Trail,
SSI-Yuba-44350-G8,Bear River 1 - Discovery Trail,
SSI-Yuba-44350-G9,Bear River 1 - Discovery Trail,
SSI-Yuba-44350-G10,Bear River 1 - Discovery Trail,
SSI-Yuba-44350-G11,Bear River 1 - Discovery Trail,
SSI-Yuba-44350-G12,Bear River 1 - Discovery Trail,
SSI-Yuba-44350-H1,Bear River 1 - Discovery Trail,
SSI-Yuba-44350-H2,Bear River 1 - Discovery Trail,
SSI-Yuba-44350-H3,Bear River 1 - Discovery Trail,
SSI-Yuba-44350-H4,Bear River 1 - Discovery Trail,
SSI-Yuba-44350-H5,Bear River 1 - Discovery Trail,
SSI-Yuba-44350-H6,Deer Creek 1 - Headwaters,
SSI-Yuba-44350-H7,Deer Creek 1 - Headwaters,
SSI-Yuba-44350-H8,Deer Creek 1 - Headwaters,
SSI-Yuba-44350-H9,Deer Creek 1 - Headwaters,
SSI-Yuba-44350-H10,Deer Creek 1 - Headwaters,
SSI-Yuba-44350-H11,Deer Creek 1 - Headwaters,
SSI-Yuba-44351-A1,Deer Creek 1 - Headwaters,
SSI-Yuba-44351-A2,Deer Creek 1 - Headwaters,
SSI-Yuba-44351-A3,Deer Creek 1 - Headwaters,
SSI-Yuba-44351-A4,Deer Creek 1 - Headwaters,
SSI-Yuba-44351-A5,Deer Creek 1 - Headwaters,
SSI-Yuba-44351-A6,Deer Creek 1 - Headwaters,
SSI-Yuba-44351-A7,Deer Creek 1 - Headwaters,
SSI-Yuba-44351-A8,Deer Creek 1 - Headwaters,
SSI-Yuba-44351-A9,Deer Creek 1 - Headwaters,
SSI-Yuba-44351-A10,Deer Creek 1 - Headwaters,
SSI-Yuba-44351-A11,Deer Creek 1 - Headwaters,
SSI-Yuba-44351-A12,Deer Creek 1 - Headwaters,
SSI-Yuba-44351-B1,Deer Creek 1 - Headwaters,
SSI-Yuba-44351-B2,Deer Creek 1 - Headwaters,
SSI-Yuba-44351-B3,Deer Creek 1 - Headwaters,
SSI-Yuba-44351-B4,Deer Creek 1 - Headwaters,
SSI-Yuba-44351-B5,Deer Creek 1 - Headwaters,
SSI-Yuba-44351-B6,Deer Creek 1 - Headwaters,
SSI-Yuba-44351-B7,Deer Creek 1 - Headwaters,
SSI-Yuba-44351-B8,Deer Creek 1 - Headwaters,
SSI-Yuba-44351-B9,Deer Creek 1 - Headwaters,
SSI-Yuba-44351-B10,Deer Creek 1 - Headwaters,
SSI-Yuba-44351-B11,Squirrel Creek,
SSI-Yuba-44351-B12,Squirrel Creek,
SSI-Yuba-44351-C1,Squirrel Creek,
SSI-Yuba-44351-C2,Squirrel Creek,
SSI-Yuba-44351-C3,Squirrel Creek,
SSI-Yuba-44351-C4,Squirrel Creek,
SSI-Yuba-44351-C5,Squirrel Creek,
SSI-Yuba-44351-C6,Squirrel Creek,
SSI-Yuba-44351-C7,Squirrel Creek,
SSI-Yuba-44351-C8,Squirrel Creek,
SSI-Yuba-44351-C9,Squirrel Creek,
SSI-Yuba-44351-C10,Squirrel Creek,
SSI-Yuba-44351-C11,Squirrel Creek,
SSI-Yuba-44351-C12,Squirrel Creek,
SSI-Yuba-44351-D1,Squirrel Creek,
SSI-Yuba-44351-D2,Squirrel Creek,
SSI-Yuba-44351-D3,Squirrel Creek,
SSI-Yuba-44351-D4,North Yuba River - Below Rocky Rest,
SSI-Yuba-44351-D5,North Yuba River - Below Rocky Rest,
SSI-Yuba-44351-D6,North Yuba River - Below Rocky Rest,
SSI-Yuba-44351-D7,North Yuba River - Below Rocky Rest,
SSI-Yuba-44351-D8,North Yuba River - Below Rocky Rest,
SSI-Yuba-44351-D9,North Yuba River - Below Rocky Rest,
SSI-Yuba-44351-D10,North Yuba River - Below Rocky Rest,
SSI-Yuba-44351-D11,North Yuba River - Below Rocky Rest,
SSI-Yuba-44351-D12,North Yuba River - Below Rocky Rest,
SSI-Yuba-44351-E1,North Yuba River - Below Rocky Rest,
SSI-Yuba-44351-E2,North Yuba River - Below Rocky Rest,
SSI-Yuba-44351-E3,North Yuba River - Below Rocky Rest,
SSI-Yuba-44351-E4,North Yuba River - Below Rocky Rest,
SSI-Yuba-44351-E5,North Yuba River - Below Rocky Rest,
SSI-Yuba-44351-E6,North Yuba River - Below Rocky Rest,
SSI-Yuba-44351-E7,North Yuba River - Below Rocky Rest,
SSI-Yuba-44351-E8,North Yuba River - Below Rocky Rest,
SSI-Yuba-44351-E9,North Yuba River - Below Rocky Rest,
SSI-Yuba-44351-E10,North Yuba River - Below Rocky Rest,
SSI-Yuba-44351-E11,North Yuba River - Below Rocky Rest,
SSI-Yuba-44351-E12,North Yuba River - Below Rocky Rest,
SSI-Yuba-44351-F1,North Yuba River - Below Rocky Rest,
SSI-Yuba-44351-F2,North Yuba River - Below Rocky Rest,
SSI-Yuba-44351-F3,North Yuba River - Below Rocky Rest,
SSI-Yuba-44351-F4,North Yuba River - Below Rocky Rest,
SSI-Yuba-44351-F5,North Yuba River - Below Rocky Rest,
SSI-Yuba-44351-F6,North Yuba River - Below Rocky Rest,
SSI-Yuba-44351-F7,North Yuba River - Below Rocky Rest,
SSI-Yuba-44351-F8,North Yuba River - Below Rocky Rest,
SSI-Yuba-44351-F9,North Yuba River - Below Rocky Rest,
SSI-Yuba-44351-F10,North Yuba River - Below Rocky Rest,
SSI-Yuba-44351-F11,North Yuba River - Below Rocky Rest,
SSI-Yuba-44351-F12,North Yuba River - Below Rocky Rest,
SSI-Yuba-44351-G1,North Yuba River - Below Rocky Rest,
SSI-Yuba-44351-G2,North Yuba River - Below Rocky Rest,
SSI-Yuba-44351-G3,North Yuba River - Below Rocky Rest,
SSI-Yuba-44351-G4,North Yuba River - Below Rocky Rest,
SSI-Yuba-44351-G5,North Yuba River - Below Rocky Rest,
SSI-Yuba-44351-G6,North Yuba River - Below Rocky Rest,
SSI-Yuba-44351-G7,North Yuba River - Below Rocky Rest,
SSI-Yuba-44351-G8,North Yuba River - Below Rocky Rest,
SSI-Yuba-44351-G9,North Yuba River - Below Rocky Rest,
SSI-Yuba-44351-G10,North Yuba River - Below Rocky Rest,
SSI-Yuba-44351-G11,North Yuba River - Below Rocky Rest,
SSI-Yuba-44351-G12,Shady Creek - Above Footbridge,
SSI-Yuba-44351-H1,Shady Creek - Above Footbridge,
SSI-Yuba-44351-H2,Shady Creek - Above Footbridge,
SSI-Yuba-44351-H3,Shady Creek - Above Footbridge,
SSI-Yuba-44351-H4,Shady Creek - Above Footbridge,
SSI-Yuba-44351-H5,Shady Creek - Above Footbridge,
SSI-Yuba-44351-H6,Shady Creek - Above Footbridge,
SSI-Yuba-44351-H7,Shady Creek - Above Footbridge,
SSI-Yuba-44351-H8,Shady Creek - Above Footbridge,
SSI-Yuba-44351-H9,Shady Creek - Above Footbridge,
SSI-Yuba-44351-H10,Shady Creek - Above Footbridge,
SSI-Yuba-44351-H11,Shady Creek - Above Footbridge,
SSI-Yuba-44352-A1,Shady Creek - Above Footbridge,
SSI-Yuba-44352-A2,Lower Yuba River,
SSI-Yuba-44352-A3,Lower Yuba River,
SSI-Yuba-44352-A4,Lower Yuba River,
SSI-Yuba-44352-A5,Lower Yuba River,
SSI-Yuba-44352-A6,Lower Yuba River,
SSI-Yuba-44352-A7,Lower Yuba River,
SSI-Yuba-44352-A8,Lower Yuba River,
SSI-Yuba-44352-A9,Lower Yuba River,
SSI-Yuba-44352-A10,Deer Creek 10 ,
SSI-Yuba-44352-A11,Deer Creek 10 ,
SSI-Yuba-44352-A12,Deer Creek 10 ,
SSI-ExcelsiorRG-44352-B1,ExcelsiorRG,
SSI-ExcelsiorRG-44352-B2,ExcelsiorRG,
SSI-ExcelsiorRG-44352-B3,ExcelsiorRG,
SSI-ExcelsiorRG-44352-B4,ExcelsiorRG,
SSI-Yuba-44352-B5,Pauley Creek - First Divide Trail,
SSI-Yuba-44352-B6,Pauley Creek - First Divide Trail,
SSI-Yuba-44352-B7,Pauley Creek - First Divide Trail,
SSI-Yuba-44352-B8,Pauley Creek - First Divide Trail,
SSI-Yuba-44352-B9,Pauley Creek - First Divide Trail,
SSI-Yuba-44352-B10,Pauley Creek - First Divide Trail,
SSI-Yuba-44352-B11,Pauley Creek - First Divide Trail,
SSI-Yuba-44352-B12,Pauley Creek - First Divide Trail,
SSI-Yuba-44352-C1,Pauley Creek - First Divide Trail,
SSI-Yuba-44352-C2,Pauley Creek - First Divide Trail,
SSI-Yuba-44352-C3,Pauley Creek - First Divide Trail,
SSI-Yuba-44352-C4,Pauley Creek - First Divide Trail,
SSI-Yuba-44352-C5,Pauley Creek - First Divide Trail,
SSI-Yuba-44352-C6,Pauley Creek - First Divide Trail,
SSI-Yuba-44352-C7,Pauley Creek - First Divide Trail,
SSI-Yuba-44352-C8,Pauley Creek - First Divide Trail,
SSI-Yuba-44352-C9,Pauley Creek - First Divide Trail,
SSI-Yuba-44352-C10,Pauley Creek - First Divide Trail,
SSI-Yuba-44352-C11,Pauley Creek - First Divide Trail,
SSI-Yuba-44352-C12,Pauley Creek - First Divide Trail,
SSI-Yuba-44352-D1,Pauley Creek - First Divide Trail,
SSI-Yuba-44352-D2,Pauley Creek - First Divide Trail,
SSI-Yuba-44352-D3,Pauley Creek - First Divide Trail,
SSI-Yuba-44352-D4,Pauley Creek - First Divide Trail,
SSI-Yuba-44352-D5,Pauley Creek - First Divide Trail,
SSI-Yuba-44352-D6,Pauley Creek - First Divide Trail,
SSI-Yuba-44352-D7,Pauley Creek - First Divide Trail,
SSI-Yuba-44352-D8,Pauley Creek - First Divide Trail,
SSI-Yuba-44352-D9,Pauley Creek - First Divide Trail,
SSI-Yuba-44352-D10,Pauley Creek - First Divide Trail,
SSI-Yuba-44352-D11,Pauley Creek - First Divide Trail,
SSI-Yuba-44352-D12,Pauley Creek - First Divide Trail,
SSI-Yuba-44352-E1,Pauley Creek - First Divide Trail,
SSI-Yuba-44352-E2,Pauley Creek - First Divide Trail,
SSI-Yuba-44352-E3,Pauley Creek - First Divide Trail,
SSI-Yuba-44352-E4,Pauley Creek - First Divide Trail,
SSI-Yuba-44352-E5,Pauley Creek - First Divide Trail,
SSI-Yuba-44352-E6,Pauley Creek - First Divide Trail,
SSI-Yuba-44352-E7,Pauley Creek - First Divide Trail,
SSI-Yuba-44352-E8,Pauley Creek - First Divide Trail,
SSI-Yuba-44352-E9,Pauley Creek - First Divide Trail,
SSI-Yuba-44352-E10,Pauley Creek - First Divide Trail,
SSI-Yuba-44352-E11,Pauley Creek - First Divide Trail,
SSI-Yuba-44352-E12,Pauley Creek - First Divide Trail,
SSI-Yuba-44352-F1,Pauley Creek - First Divide Trail,
SSI-Yuba-44352-F2,Pauley Creek - First Divide Trail,
SSI-Yuba-44352-F3,Pauley Creek - First Divide Trail,
SSI-Yuba-44352-F4,Pauley Creek - First Divide Trail,
SSI-Yuba-44352-F5,Pauley Creek - First Divide Trail,
SSI-Yuba-44352-F6,Pauley Creek - First Divide Trail,
SSI-Yuba-44352-F7,Pauley Creek - First Divide Trail,
SSI-Yuba-44352-F8,Pauley Creek - First Divide Trail,
SSI-Yuba-44352-F9,Pauley Creek - First Divide Trail,
SSI-Yuba-44352-F10,Pauley Creek - First Divide Trail,
SSI-Yuba-44352-F11,Pauley Creek - First Divide Trail,
SSI-Yuba-44352-F12,Pauley Creek - First Divide Trail,
SSI-Yuba-44352-G1,Pauley Creek - First Divide Trail,
SSI-Yuba-44352-G2,Pauley Creek - First Divide Trail,
SSI-Yuba-44352-G3,Pauley Creek - First Divide Trail,
SSI-Yuba-44352-G4,Pauley Creek - First Divide Trail,
SSI-Yuba-44352-G5,Pauley Creek - First Divide Trail,
SSI-Yuba-44352-G6,Pauley Creek - First Divide Trail,
SSI-Yuba-44352-G7,SF Wolf Creek,
SSI-Yuba-44352-G8,SF Wolf Creek,
SSI-Yuba-44352-G9,SF Wolf Creek,
SSI-Yuba-44352-G10,SF Wolf Creek,
SSI-Yuba-44352-G11,SF Wolf Creek,
SSI-Yuba-44352-G12,SF Wolf Creek,
SSI-Yuba-44352-H1,SF Wolf Creek,
SSI-Yuba-44352-H2,SF Wolf Creek,
SSI-Yuba-44352-H3,SF Wolf Creek,
SSI-Yuba-44352-H4,SF Wolf Creek,
SSI-Yuba-44352-H5,SF Wolf Creek,
SSI-Yuba-44352-H6,SF Wolf Creek,
SSI-Yuba-44352-H7,SF Wolf Creek,
SSI-Yuba-44352-H8,SF Wolf Creek,
SSI-Yuba-44352-H9,SF Wolf Creek,
SSI-Yuba-44352-H10,SF Wolf Creek,
SSI-Yuba-44352-H11,SF Wolf Creek,
SSI-Yuba-44355-A1,SF Wolf Creek,
SSI-American-44355-A2,SF Silver Creek - Above Ridge Rd.,
SSI-American-44355-A3,SF Silver Creek - Above Ridge Rd.,
SSI-American-44355-A4,SF Silver Creek - Above Ridge Rd.,
SSI-American-44355-A5,SF Silver Creek - Above Ridge Rd.,
SSI-American-44355-A6,SF Silver Creek - Above Ridge Rd.,
SSI-American-44355-A7,SF Silver Creek - Above Ridge Rd.,
SSI-American-44355-A8,SF Silver Creek - Above Ridge Rd.,
SSI-American-44355-A9,SF Silver Creek - Above Ridge Rd.,
SSI-American-44355-A10,SF Silver Creek - Above Ridge Rd.,
SSI-American-44355-A11,SF Silver Creek - Above Ridge Rd.,
SSI-American-44355-A12,SF Silver Creek - Above Ridge Rd.,
SSI-American-44355-B1,SF Silver Creek - Above Ridge Rd.,
SSI-American-44355-B2,SF Silver Creek - Above Ridge Rd.,
SSI-American-44355-B3,SF Silver Creek - Above Ridge Rd.,
SSI-American-44355-B4,SF Silver Creek - Above Ridge Rd.,
SSI-American-44355-B5,SF Silver Creek - Above Ridge Rd.,
SSI-American-44355-B6,SF Silver Creek - Above Ridge Rd.,
SSI-American-44355-B7,SF Silver Creek - Above Ridge Rd.,
SSI-American-44355-B8,SF Silver Creek - Above Ridge Rd.,
SSI-American-44355-B9,SF Silver Creek - Above Ridge Rd.,
SSI-American-44355-B10,SF Silver Creek - Above Ridge Rd.,
SSI-American-44355-B11,SF Silver Creek - Above Ridge Rd.,
SSI-American-44355-B12,SF Silver Creek - Above Ridge Rd.,
SSI-American-44355-C1,NF of NF American River,
SSI-American-44355-C2,NF of NF American River,
SSI-American-44355-C3,NF of NF American River,
SSI-American-44355-C4,NF of NF American River,
SSI-American-44355-C5,NF of NF American River,
SSI-American-44355-C6,NF of NF American River,
SSI-American-44355-C7,NF of NF American River,
SSI-American-44355-C8,NF of NF American River,
SSI-American-44355-C9,NF of NF American River,
SSI-American-44355-C10,NF of NF American River,
SSI-American-44355-C11,NF of NF American River,
SSI-American-44355-C12,NF of NF American River,
SSI-American-44355-D1,NF of NF American River,
SSI-American-44355-D2,NF of NF American River,
SSI-American-44355-D3,NF of NF American River,
SSI-American-44355-D4,NF of NF American River,
SSI-American-44355-D5,NF of NF American River,
SSI-American-44355-D6,NF of NF American River,
SSI-American-44355-D7,NF of NF American River,
SSI-American-44355-D8,NF of NF American River,
SSI-American-44355-D9,NF of NF American River,
SSI-American-44355-D10,NF of NF American River,
SSI-American-44355-D11,NF of NF American River,
SSI-American-44355-D12,NF of NF American River,
SSI-American-44355-E1,NF of NF American River,
SSI-American-44355-E2,NF of NF American River,
SSI-American-44355-E3,NF of NF American River,
SSI-American-44355-E4,NF of NF American River,
SSI-American-44355-E5,NF of NF American River,
SSI-American-44355-E6,NF of NF American River,
SSI-American-44355-E7,NF of NF American River,
SSI-American-44355-E8,Rock Creek - Above Bridge,
SSI-American-44355-E9,Rock Creek - Above Bridge,
SSI-American-44355-E10,Rock Creek - Above Bridge,
SSI-American-44355-E11,Rock Creek - Above Bridge,
SSI-American-44355-E12,Rock Creek - Above Bridge,
SSI-American-44355-F1,Rock Creek - Above Bridge,
SSI-American-44355-F2,Rock Creek - Above Bridge,
SSI-American-44355-F3,Rock Creek - Above Bridge,
SSI-American-44355-F4,Rock Creek - Above Bridge,
SSI-American-44355-F5,Rock Creek - Above Bridge,
SSI-American-44355-F6,Rock Creek - Above Bridge,
SSI-American-44355-F7,Rock Creek - Above Bridge,
SSI-American-44355-F8,Fulda Creek - Texas Hill Rd. ,
SSI-American-44355-F9,Fulda Creek - Texas Hill Rd. ,
SSI-American-44355-F10,Fulda Creek - Texas Hill Rd. ,
SSI-American-44355-F11,Fulda Creek - Texas Hill Rd. ,
SSI-American-44355-F12,Fulda Creek - Texas Hill Rd. ,
SSI-American-44355-G1,Fulda Creek - Texas Hill Rd. ,
SSI-American-44355-G2,Fulda Creek - Texas Hill Rd. ,
SSI-American-44355-G3,Fulda Creek - Texas Hill Rd. ,
SSI-American-44355-G4,Fulda Creek - Texas Hill Rd. ,
SSI-American-44355-G5,Fulda Creek - Texas Hill Rd. ,
SSI-American-44355-G6,Fulda Creek - Texas Hill Rd. ,
SSI-American-44355-G7,Fulda Creek - Texas Hill Rd. ,
SSI-American-44355-G8,Fulda Creek - Texas Hill Rd. ,
SSI-American-44355-G9,Fulda Creek - Texas Hill Rd. ,
SSI-American-44355-G10,Fulda Creek - Texas Hill Rd. ,
SSI-American-44355-G11,Fulda Creek - Texas Hill Rd. ,
SSI-American-44355-G12,Fulda Creek - Texas Hill Rd. ,
SSI-American-44355-H1,Fulda Creek - Texas Hill Rd. ,
SSI-American-44355-H2,Fulda Creek - Texas Hill Rd. ,
SSI-American-44355-H3,Fulda Creek - Texas Hill Rd. ,
SSI-American-44355-H4,Traverse Creek - Special Interest Area,
SSI-American-44355-H5,Traverse Creek - Special Interest Area,
SSI-American-44355-H6,Traverse Creek - Special Interest Area,
SSI-American-44355-H7,Traverse Creek - Special Interest Area,
SSI-American-44355-H8,Traverse Creek - Special Interest Area,
SSI-American-44355-H9,Traverse Creek - Special Interest Area,
SSI-American-44355-H10,Traverse Creek - Special Interest Area,
SSI-American-44355-H11,Traverse Creek - Special Interest Area,
SSI-American-44354-A1,Traverse Creek - Special Interest Area,
SSI-American-44354-A2,Traverse Creek - Special Interest Area,
SSI-American-44354-A3,Traverse Creek - Special Interest Area,
SSI-American-44354-A4,Traverse Creek - Special Interest Area,
SSI-American-44354-A5,Traverse Creek - Special Interest Area,
SSI-American-44354-A6,Traverse Creek - Special Interest Area,
SSI-American-44354-A7,Traverse Creek - Special Interest Area,
SSI-American-44354-A8,Traverse Creek - Special Interest Area,
SSI-American-44354-A9,Traverse Creek - Special Interest Area,
SSI-American-44354-A10,Traverse Creek - Special Interest Area,
SSI-American-44354-A11,Traverse Creek - Special Interest Area,
SSI-American-44354-A12,Traverse Creek - Special Interest Area,
SSI-American-44354-B1,Traverse Creek - Special Interest Area,
SSI-American-44354-B2,Traverse Creek - Special Interest Area,
SSI-American-44354-B3,Traverse Creek - Special Interest Area,
SSI-American-44354-B4,Traverse Creek - Special Interest Area,
SSI-American-44354-B5,Traverse Creek - Special Interest Area,
SSI-American-44354-B6,Traverse Creek - Special Interest Area,
SSI-American-44354-B7,Traverse Creek - Special Interest Area,
SSI-American-44354-B8,Traverse Creek - Special Interest Area,
SSI-American-44354-B9,Traverse Creek - Special Interest Area,
SSI-American-44354-B10,Traverse Creek - Special Interest Area,
SSI-American-44354-B11,Canyon Creek - Mameluke Rd.,
SSI-American-44354-B12,Canyon Creek - Mameluke Rd.,
SSI-American-44354-C1,Canyon Creek - Mameluke Rd.,
SSI-American-44354-C2,Canyon Creek - Mameluke Rd.,
SSI-American-44354-C3,Canyon Creek - Mameluke Rd.,
SSI-American-44354-C4,Canyon Creek - Mameluke Rd.,
SSI-American-44354-C5,Canyon Creek - Mameluke Rd.,
SSI-American-44354-C6,Canyon Creek - Mameluke Rd.,
SSI-American-44354-C7,Canyon Creek - Mameluke Rd.,
SSI-American-44354-C8,Canyon Creek - Mameluke Rd.,
SSI-American-44354-C9,Canyon Creek - Mameluke Rd.,
SSI-American-44354-C10,Canyon Creek - Mameluke Rd.,
SSI-American-44354-C11,Canyon Creek - Mameluke Rd.,
SSI-American-44354-C12,Canyon Creek - Mameluke Rd.,
SSI-American-44354-D1,Canyon Creek - Mameluke Rd.,
SSI-American-44354-D2,Canyon Creek - Mameluke Rd.,
SSI-American-44354-D3,Canyon Creek - Mameluke Rd.,
SSI-American-44354-D4,Canyon Creek - Mameluke Rd.,
SSI-American-44354-D5,Canyon Creek - Mameluke Rd.,
SSI-American-44354-D6,Canyon Creek - Mameluke Rd.,
SSI-American-44354-D7,Canyon Creek - Mameluke Rd.,
SSI-American-44354-D8,Canyon Creek - Mameluke Rd.,
SSI-American-44354-D9,Canyon Creek - Mameluke Rd.,
SSI-American-44354-D10,Canyon Creek - Mameluke Rd.,
SSI-American-44354-D11,Canyon Creek - Mameluke Rd.,
SSI-American-44354-D12,Canyon Creek - Mameluke Rd.,
SSI-American-44354-E1,Canyon Creek - Mameluke Rd.,
SSI-American-44354-E2,Canyon Creek - Mameluke Rd.,
SSI-American-44354-E3,Canyon Creek - Mameluke Rd.,
SSI-American-44354-E4,Onion Creek - Below Rd. Crossing,
SSI-American-44354-E5,Onion Creek - Below Rd. Crossing,
SSI-American-44354-E6,Onion Creek - Below Rd. Crossing,
SSI-American-44354-E7,Onion Creek - Below Rd. Crossing,
SSI-American-44354-E8,Onion Creek - Below Rd. Crossing,
SSI-American-44354-E9,Onion Creek - Below Rd. Crossing,
SSI-American-44354-E10,Onion Creek - Below Rd. Crossing,
SSI-American-44354-E11,Onion Creek - Below Rd. Crossing,
SSI-American-44354-E12,Onion Creek - Below Rd. Crossing,
SSI-American-44354-F1,Onion Creek - Below Rd. Crossing,
SSI-American-44354-F2,Onion Creek - Below Rd. Crossing,
SSI-American-44354-F3,Onion Creek - Below Rd. Crossing,
SSI-American-44354-F4,Onion Creek - Below Rd. Crossing,
SSI-American-44354-F5,Onion Creek - Below Rd. Crossing,
SSI-American-44354-F6,Onion Creek - Below Rd. Crossing,
SSI-American-44354-F7,Onion Creek - Below Rd. Crossing,
SSI-American-44354-F8,Onion Creek - Below Rd. Crossing,
SSI-American-44354-F9,Onion Creek - Below Rd. Crossing,
SSI-American-44354-F10,Onion Creek - Below Rd. Crossing,
SSI-American-44354-F11,Onion Creek - Below Rd. Crossing,
SSI-American-44354-F12,Onion Creek - Below Rd. Crossing,
SSI-American-44354-G1,Onion Creek - Below Rd. Crossing,
SSI-American-44354-G2,Onion Creek - Below Rd. Crossing,
SSI-American-44354-G3,Onion Creek - Below Rd. Crossing,
SSI-American-44354-G4,Onion Creek - Below Rd. Crossing,
SSI-American-44354-G5,Onion Creek - Below Rd. Crossing,
SSI-American-44354-G6,Onion Creek - Below Rd. Crossing,
SSI-American-44354-G7,Onion Creek - Below Rd. Crossing,
SSI-American-44354-G8,Onion Creek - Below Rd. Crossing,
SSI-American-44354-G9,Onion Creek - Below Rd. Crossing,
SSI-American-44354-G10,Onion Creek - Below Rd. Crossing,
SSI-American-44354-G11,Onion Creek - Below Rd. Crossing,
SSI-American-44354-G12,EF of NF American River - Bridge Crossing Texas Rd.,
SSI-American-44354-H1,EF of NF American River - Bridge Crossing Texas Rd.,
SSI-American-44354-H2,EF of NF American River - Bridge Crossing Texas Rd.,
SSI-American-44354-H3,EF of NF American River - Bridge Crossing Texas Rd.,
SSI-American-44354-H4,EF of NF American River - Bridge Crossing Texas Rd.,
SSI-American-44354-H5,EF of NF American River - Bridge Crossing Texas Rd.,
SSI-American-44354-H6,EF of NF American River - Bridge Crossing Texas Rd.,
SSI-American-44354-H7,EF of NF American River - Bridge Crossing Texas Rd.,
SSI-American-44354-H8,EF of NF American River - Bridge Crossing Texas Rd.,
SSI-American-44354-H9,EF of NF American River - Bridge Crossing Texas Rd.,
SSI-American-44354-H10,EF of NF American River - Bridge Crossing Texas Rd.,
SSI-American-44354-H11,EF of NF American River - Bridge Crossing Texas Rd.,
SSI-American-44353-A1,EF of NF American River - Bridge Crossing Texas Rd.,
SSI-American-44353-A2,EF of NF American River - Bridge Crossing Texas Rd.,
SSI-American-44353-A3,EF of NF American River - Bridge Crossing Texas Rd.,
SSI-American-44353-A4,EF of NF American River - Bridge Crossing Texas Rd.,
SSI-American-44353-A5,EF of NF American River - Bridge Crossing Texas Rd.,
SSI-American-44353-A6,EF of NF American River - Bridge Crossing Texas Rd.,
SSI-American-44353-A7,EF of NF American River - Bridge Crossing Texas Rd.,
SSI-American-44353-A8,EF of NF American River - Bridge Crossing Texas Rd.,
SSI-American-44353-A9,EF of NF American River - Bridge Crossing Texas Rd.,
SSI-American-44353-A10,EF of NF American River - Bridge Crossing Texas Rd.,
SSI-American-44353-A11,EF of NF American River - Bridge Crossing Texas Rd.,
SSI-American-44353-A12,EF of NF American River - Bridge Crossing Texas Rd.,
SSI-American-44353-B1,EF of NF American River - Bridge Crossing Texas Rd.,
SSI-American-44353-B2,EF of NF American River - Bridge Crossing Texas Rd.,
SSI-American-44353-B3,EF of NF American River - Bridge Crossing Texas Rd.,
SSI-American-44353-B4,EF of NF American River - Bridge Crossing Texas Rd.,
SSI-American-44353-B5,EF of NF American River - Bridge Crossing Texas Rd.,
SSI-American-44353-B6,EF of NF American River - Bridge Crossing Texas Rd.,
SSI-American-44353-B7,EF of NF American River - Bridge Crossing Texas Rd.,
SSI-American-44353-B8,EF of NF American River - Bridge Crossing Texas Rd.,
SSI-American-44353-B9,Lyons Creek - Above Wrights Lake Rd.,
SSI-American-44353-B10,Lyons Creek - Above Wrights Lake Rd.,
SSI-American-44353-B11,Lyons Creek - Above Wrights Lake Rd.,
SSI-American-44353-B12,Lyons Creek - Above Wrights Lake Rd.,
SSI-American-44353-C1,Lyons Creek - Above Wrights Lake Rd.,
SSI-American-44353-C2,Lyons Creek - Above Wrights Lake Rd.,
SSI-American-44353-C3,Lyons Creek - Above Wrights Lake Rd.,
SSI-American-44353-C4,Lyons Creek - Above Wrights Lake Rd.,
SSI-American-44353-C5,Lyons Creek - Above Wrights Lake Rd.,
SSI-American-44353-C6,Lyons Creek - Above Wrights Lake Rd.,
SSI-American-44353-C7,Lyons Creek - Above Wrights Lake Rd.,
SSI-American-44353-C8,Lyons Creek - Above Wrights Lake Rd.,
SSI-American-44353-C9,Lyons Creek - Above Wrights Lake Rd.,
SSI-American-44353-C10,Lyons Creek - Above Wrights Lake Rd.,
SSI-American-44353-C11,Lyons Creek - Above Wrights Lake Rd.,
SSI-American-44353-C12,Lyons Creek - Above Wrights Lake Rd.,
SSI-American-44353-D1,Onion Valley Creek - Tunnel Mills Campground,
SSI-American-44353-D2,Onion Valley Creek - Tunnel Mills Campground,
SSI-American-44353-D3,Onion Valley Creek - Tunnel Mills Campground,
SSI-American-44353-D4,Onion Valley Creek - Tunnel Mills Campground,
SSI-American-44353-D5,Onion Valley Creek - Tunnel Mills Campground,
SSI-American-44353-D6,Onion Valley Creek - Tunnel Mills Campground,
SSI-American-44353-D7,Onion Valley Creek - Tunnel Mills Campground,
SSI-American-44353-D8,Onion Valley Creek - Tunnel Mills Campground,
SSI-American-44353-D9,Onion Valley Creek - Tunnel Mills Campground,
SSI-American-44353-D10,Onion Valley Creek - Tunnel Mills Campground,
SSI-American-44353-D11,Onion Valley Creek - Tunnel Mills Campground,
SSI-American-44353-D12,Onion Valley Creek - Tunnel Mills Campground,
SSI-American-44353-E1,Onion Valley Creek - Tunnel Mills Campground,
SSI-American-44353-E2,Onion Valley Creek - Tunnel Mills Campground,
SSI-American-44353-E3,Onion Valley Creek - Tunnel Mills Campground,
SSI-American-44353-E4,Onion Valley Creek - Tunnel Mills Campground,
SSI-American-44353-E5,Onion Valley Creek - Tunnel Mills Campground,
SSI-American-44353-E6,Onion Valley Creek - Tunnel Mills Campground,
SSI-American-44353-E7,Onion Valley Creek - Tunnel Mills Campground,
SSI-American-44353-E8,Onion Valley Creek - Tunnel Mills Campground,
SSI-American-44353-E9,Onion Valley Creek - Tunnel Mills Campground,
SSI-American-44353-E10,Onion Valley Creek - Tunnel Mills Campground,
SSI-American-44353-E11,Onion Valley Creek - Tunnel Mills Campground,
SSI-American-44353-E12,Onion Valley Creek - Tunnel Mills Campground,
SSI-American-44353-F1,Onion Valley Creek - Tunnel Mills Campground,
SSI-American-44353-F2,Onion Valley Creek - Tunnel Mills Campground,
SSI-American-44353-F3,Onion Valley Creek - Tunnel Mills Campground,
SSI-American-44353-F4,Onion Valley Creek - Tunnel Mills Campground,
SSI-American-44353-F5,Onion Valley Creek - Tunnel Mills Campground,
SSI-American-44353-F6,Onion Valley Creek - Tunnel Mills Campground,
SSI-American-44353-F7,Onion Valley Creek - Tunnel Mills Campground,
SSI-American-44353-F8,Onion Valley Creek - Tunnel Mills Campground,
SSI-American-44353-F9,Onion Valley Creek - Tunnel Mills Campground,
SSI-American-44353-F10,Onion Valley Creek - Tunnel Mills Campground,
SSI-American-44353-F11,Onion Valley Creek - Tunnel Mills Campground,
SSI-American-44353-F12,Onion Valley Creek - Tunnel Mills Campground,
SSI-American-44353-G1,Onion Valley Creek - Tunnel Mills Campground,
SSI-American-44353-G2,Onion Valley Creek - Tunnel Mills Campground,
SSI-American-44353-G3,Onion Valley Creek - Tunnel Mills Campground,
SSI-American-44353-G4,Pyramid Creek - Wilderness Boundary,
SSI-American-44353-G5,Pyramid Creek - Wilderness Boundary,
SSI-American-44353-G6,Pyramid Creek - Wilderness Boundary,
SSI-American-44353-G7,Pyramid Creek - Wilderness Boundary,
SSI-American-44353-G8,Pyramid Creek - Wilderness Boundary,
SSI-American-44353-G9,Pyramid Creek - Wilderness Boundary,
SSI-American-44353-G10,Pyramid Creek - Wilderness Boundary,
SSI-American-44353-G11,Pyramid Creek - Wilderness Boundary,
SSI-American-44353-G12,Pyramid Creek - Wilderness Boundary,
SSI-American-44353-H1,Pyramid Creek - Wilderness Boundary,
SSI-American-44353-H2,Pyramid Creek - Wilderness Boundary,
SSI-American-44353-H3,Pyramid Creek - Wilderness Boundary,
SSI-American-44353-H4,Pyramid Creek - Wilderness Boundary,
SSI-American-44353-H5,Pyramid Creek - Wilderness Boundary,
SSI-American-44353-H6,Pyramid Creek - Wilderness Boundary,
SSI-American-44353-H7,Pyramid Creek - Wilderness Boundary,
SSI-American-44353-H8,Pyramid Creek - Wilderness Boundary,
SSI-American-44353-H9,Pyramid Creek - Wilderness Boundary,
SSI-American-44353-H10,Pyramid Creek - Wilderness Boundary,
SSI-American-44353-H11,Pyramid Creek - Wilderness Boundary,
SSI-American-49445-A1,Pyramid Creek - Wilderness Boundary,
SSI-American-49445-A2,Pyramid Creek - Wilderness Boundary,
SSI-American-49445-A3,Pyramid Creek - Wilderness Boundary,
SSI-American-49445-A4,Pyramid Creek - Wilderness Boundary,
SSI-American-49445-A5,Pyramid Creek - Wilderness Boundary,
SSI-American-49445-A6,Pyramid Creek - Wilderness Boundary,
SSI-American-49445-A7,Pyramid Creek - Wilderness Boundary,
SSI-American-49445-A8,Pyramid Creek - Wilderness Boundary,
SSI-American-49445-A9,Pyramid Creek - Wilderness Boundary,
SSI-American-49445-A10,Monumental Creek - Above Monumental Rd.,
SSI-American-49445-A11,Monumental Creek - Above Monumental Rd.,
SSI-American-49445-A12,Monumental Creek - Above Monumental Rd.,
SSI-American-49445-B1,Monumental Creek - Above Monumental Rd.,
SSI-American-49445-B2,Monumental Creek - Above Monumental Rd.,
SSI-American-49445-B3,Monumental Creek - Above Monumental Rd.,
SSI-American-49445-B4,Monumental Creek - Above Monumental Rd.,
SSI-American-49445-B5,Monumental Creek - Above Monumental Rd.,
SSI-American-49445-B6,Monumental Creek - Above Monumental Rd.,
SSI-American-49445-B7,Monumental Creek - Above Monumental Rd.,
SSI-American-49445-B8,Monumental Creek - Above Monumental Rd.,
SSI-American-49445-B9,Monumental Creek - Above Monumental Rd.,
SSI-American-49445-B10,Monumental Creek - Above Monumental Rd.,
SSI-American-49445-B11,Monumental Creek - Above Monumental Rd.,
SSI-American-49445-B12,Monumental Creek - Above Monumental Rd.,
SSI-American-49445-C1,Monumental Creek - Above Monumental Rd.,
SSI-American-49445-C2,Monumental Creek - Above Monumental Rd.,
SSI-American-49445-C3,Monumental Creek - Above Monumental Rd.,
SSI-American-49445-C4,Monumental Creek - Above Monumental Rd.,
SSI-American-49445-C5,Monumental Creek - Above Monumental Rd.,
SSI-American-49445-C6,Monumental Creek - Above Monumental Rd.,
SSI-American-49445-C7,Monumental Creek - Above Monumental Rd.,
SSI-American-49445-C8,Monumental Creek - Above Monumental Rd.,
SSI-American-49445-C9,Monumental Creek - Above Monumental Rd.,
SSI-American-49445-C10,Monumental Creek - Above Monumental Rd.,
SSI-American-49445-C11,Monumental Creek - Above Monumental Rd.,
SSI-American-49445-C12,Monumental Creek - Above Monumental Rd.,
SSI-American-49445-D1,Monumental Creek - Above Monumental Rd.,
SSI-American-49445-D2,Monumental Creek - Above Monumental Rd.,
SSI-American-49445-D3,Monumental Creek - Above Monumental Rd.,
SSI-American-49445-D4,Monumental Creek - Above Monumental Rd.,
SSI-American-49445-D5,Monumental Creek - Above Monumental Rd.,
SSI-American-49445-D6,Monumental Creek - Above Monumental Rd.,
SSI-American-49445-D7,Monumental Creek - Above Monumental Rd.,
SSI-American-49445-D8,Monumental Creek - Above Monumental Rd.,
SSI-American-49445-D9,Monumental Creek - Above Monumental Rd.,
SSI-American-49445-D10,Monumental Creek - Above Monumental Rd.,
SSI-American-49445-D11,Monumental Creek - Above Monumental Rd.,
SSI-American-49445-D12,Monumental Creek - Above Monumental Rd.,
SSI-Carson-49445-E1,Forestdale Creek - Above Rd.,
SSI-Carson-49445-E2,Forestdale Creek - Above Rd.,
SSI-Carson-49445-E3,Forestdale Creek - Above Rd.,
SSI-Carson-49445-E4,Forestdale Creek - Above Rd.,
SSI-Carson-49445-E5,Forestdale Creek - Above Rd.,
SSI-Carson-49445-E6,Forestdale Creek - Above Rd.,
SSI-Carson-49445-E7,Forestdale Creek - Above Rd.,
SSI-Carson-49445-E8,Forestdale Creek - Above Rd.,
SSI-Carson-49445-E9,Forestdale Creek - Above Rd.,
SSI-Carson-49445-E10,Forestdale Creek - Above Rd.,
SSI-Carson-49445-E11,Forestdale Creek - Above Rd.,
SSI-Carson-49445-E12,Forestdale Creek - Above Rd.,
SSI-Carson-49445-F1,Forestdale Creek - Above Rd.,
SSI-Carson-49445-F2,Forestdale Creek - Above Rd.,
SSI-Carson-49445-F3,Forestdale Creek - Above Rd.,
SSI-Carson-49445-F4,Forestdale Creek - Above Rd.,
SSI-Carson-49445-F5,Forestdale Creek - Above Rd.,
SSI-Carson-49445-F6,Forestdale Creek - Above Rd.,
SSI-Carson-49445-F7,Forestdale Creek - Above Rd.,
SSI-Carson-49445-F8,Forestdale Creek - Above Rd.,
SSI-Carson-49445-F9,Forestdale Creek - Above Rd.,
SSI-Carson-49445-F10,Forestdale Creek - Above Rd.,
SSI-Carson-49445-F11,Forestdale Creek - Above Rd.,
SSI-Carson-49445-F12,Forestdale Creek - Above Rd.,
SSI-Carson-49445-G1,Forestdale Creek - Above Rd.,
SSI-Carson-49445-G2,Forestdale Creek - Above Rd.,
SSI-Carson-49445-G3,Forestdale Creek - Above Rd.,
SSI-Carson-49445-G4,Forestdale Creek - Above Rd.,
SSI-Carson-49445-G5,Forestdale Creek - Above Rd.,
SSI-Carson-49445-G6,Forestdale Creek - Above Rd.,
SSI-Carson-49445-G7,Forestdale Creek - Above Rd.,
SSI-Carson-49445-G8,Forestdale Creek - Above Rd.,
SSI-Carson-49445-G9,WF Carson River - Above Meadow,
SSI-Carson-49445-G10,WF Carson River - Above Meadow,
SSI-Carson-49445-G11,WF Carson River - Above Meadow,
SSI-Carson-49445-G12,WF Carson River - Above Meadow,
SSI-Carson-49445-H1,WF Carson River - Above Meadow,
SSI-Carson-49445-H2,WF Carson River - Above Meadow,
SSI-Carson-49445-H3,WF Carson River - Above Meadow,
SSI-Carson-49445-H4,WF Carson River - Above Meadow,
SSI-Carson-49445-H5,WF Carson River - Above Meadow,
SSI-Carson-49445-H6,WF Carson River - Above Meadow,
SSI-Carson-49445-H7,WF Carson River - Above Meadow,
SSI-Carson-49445-H8,WF Carson River - Above Meadow,
SSI-Carson-49445-H9,WF Carson River - Above Meadow,
SSI-Carson-49445-H10,WF Carson River - Above Meadow,
SSI-Carson-49445-H11,WF Carson River - Above Meadow,
SSI-Carson-49446-A1,WF Carson River - Above Meadow,
SSI-Carson-49446-A2,WF Carson River - Above Meadow,
SSI-Carson-49446-A3,WF Carson River - Above Meadow,
SSI-Carson-49446-A4,WF Carson River - Above Meadow,
SSI-Carson-49446-A5,WF Carson River - Above Meadow,
SSI-Carson-49446-A6,WF Carson River - Above Meadow,
SSI-Carson-49446-A7,WF Carson River - Above Meadow,
SSI-Carson-49446-A8,WF Carson River - Above Meadow,
SSI-Carson-49446-A9,WF Carson River - Above Meadow,
SSI-Carson-49446-A10,WF Carson River - Above Meadow,
SSI-Carson-49446-A11,WF Carson River - Above Meadow,
SSI-Carson-49446-A12,Silver Creek - Below HWY 4,
SSI-Carson-49446-B1,Silver Creek - Below HWY 4,
SSI-Carson-49446-B2,Silver Creek - Below HWY 4,
SSI-Carson-49446-B3,Silver Creek - Below HWY 4,
SSI-Carson-49446-B4,Silver Creek - Below HWY 4,
SSI-Carson-49446-B5,Silver Creek - Below HWY 4,
SSI-Carson-49446-B6,Silver Creek - Below HWY 4,
SSI-Carson-49446-B7,Silver Creek - Below HWY 4,
SSI-Carson-49446-B8,Silver Creek - Below HWY 4,
SSI-Carson-49446-B9,Silver Creek - Below HWY 4,
SSI-Carson-49446-B10,Silver Creek - Below HWY 4,
SSI-Carson-49446-B11,Silver Creek - Below HWY 4,
SSI-Carson-49446-B12,Silver Creek - Below HWY 4,
SSI-Carson-49446-C1,Silver Creek - Below HWY 4,
SSI-Carson-49446-C2,Silver Creek - Below HWY 4,
SSI-Carson-49446-C3,Silver Creek - Below HWY 4,
SSI-Carson-49446-C4,Silver Creek - Below HWY 4,
SSI-Carson-49446-C5,Silver Creek - Below HWY 4,
SSI-Carson-49446-C6,Silver Creek - Below HWY 4,
SSI-Carson-49446-C7,Silver Creek - Below HWY 4,
SSI-Carson-49446-C8,Silver Creek - Below HWY 4,
SSI-Carson-49446-C9,Silver Creek - Below HWY 4,
SSI-Carson-49446-C10,Silver Creek - Below HWY 4,
SSI-Carson-49446-C11,Silver Creek - Below HWY 4,
SSI-Carson-49446-C12,Silver Creek - Below HWY 4,
SSI-Carson-49446-D1,Silver Creek - Below HWY 4,
SSI-Carson-49446-D2,Pleasant Valley Creek - Off PCT,
SSI-Carson-49446-D3,Pleasant Valley Creek - Off PCT,
SSI-Carson-49446-D4,Pleasant Valley Creek - Off PCT,
SSI-Carson-49446-D5,Pleasant Valley Creek - Off PCT,
SSI-Carson-49446-D6,Pleasant Valley Creek - Off PCT,
SSI-Carson-49446-D7,Pleasant Valley Creek - Off PCT,
SSI-Carson-49446-D8,Pleasant Valley Creek - Off PCT,
SSI-Carson-49446-D9,Pleasant Valley Creek - Off PCT,
SSI-Carson-49446-D10,Pleasant Valley Creek - Off PCT,
SSI-Carson-49446-D11,Pleasant Valley Creek - Off PCT,
SSI-Carson-49446-D12,Pleasant Valley Creek - Off PCT,
SSI-Carson-49446-E1,Pleasant Valley Creek - Off PCT,
SSI-Carson-49446-E2,Pleasant Valley Creek - Off PCT,
SSI-Carson-49446-E3,Pleasant Valley Creek - Off PCT,
SSI-Carson-49446-E4,Pleasant Valley Creek - Off PCT,
SSI-Carson-49446-E5,Pleasant Valley Creek - Off PCT,
SSI-Carson-49446-E6,Pleasant Valley Creek - Off PCT,
SSI-Carson-49446-E7,Pleasant Valley Creek - Off PCT,
SSI-Carson-49446-E8,Pleasant Valley Creek - Off PCT,
SSI-Carson-49446-E9,Pleasant Valley Creek - Off PCT,
SSI-Carson-49446-E10,Pleasant Valley Creek - Off PCT,
SSI-Carson-49446-E11,Pleasant Valley Creek - Off PCT,
SSI-Carson-49446-E12,Pleasant Valley Creek - Off PCT,
SSI-Carson-49446-F1,Snodgrass Creek - Below Meadow,
SSI-Carson-49446-F2,Snodgrass Creek - Below Meadow,
SSI-Carson-49446-F3,Snodgrass Creek - Below Meadow,
SSI-Carson-49446-F4,Snodgrass Creek - Below Meadow,
SSI-Carson-49446-F5,Snodgrass Creek - Below Meadow,
SSI-Carson-49446-F6,Snodgrass Creek - Below Meadow,
SSI-Carson-49446-F7,Snodgrass Creek - Below Meadow,
SSI-Carson-49446-F8,Snodgrass Creek - Below Meadow,
SSI-Carson-49446-F9,Snodgrass Creek - Below Meadow,
SSI-Carson-49446-F10,Snodgrass Creek - Below Meadow,
SSI-Carson-49446-F11,Snodgrass Creek - Below Meadow,
SSI-Carson-49446-F12,Snodgrass Creek - Below Meadow,
SSI-Carson-49446-G1,Snodgrass Creek - Below Meadow,
SSI-Carson-49446-G2,Snodgrass Creek - Below Meadow,
SSI-Carson-49446-G3,Snodgrass Creek - Below Meadow,
SSI-Carson-49446-G4,Snodgrass Creek - Below Meadow,
SSI-Carson-49446-G5,Snodgrass Creek - Below Meadow,
SSI-Carson-49446-G6,Snodgrass Creek - Below Meadow,
SSI-Carson-49446-G7,Hawkins Creek - Above Burnside Lake Rd.,
SSI-Carson-49446-G8,Hawkins Creek - Above Burnside Lake Rd.,
SSI-Carson-49446-G9,Hawkins Creek - Above Burnside Lake Rd.,
SSI-Carson-49446-G10,Hawkins Creek - Above Burnside Lake Rd.,
SSI-Carson-49446-G11,Hawkins Creek - Above Burnside Lake Rd.,
SSI-Carson-49446-G12,Hawkins Creek - Above Burnside Lake Rd.,
SSI-Carson-49446-H1,Hawkins Creek - Above Burnside Lake Rd.,
SSI-Carson-49446-H2,Hawkins Creek - Above Burnside Lake Rd.,
SSI-Carson-49446-H3,Hawkins Creek - Above Burnside Lake Rd.,
SSI-Carson-49446-H4,Hawkins Creek - Above Burnside Lake Rd.,
SSI-Carson-49446-H5,Hawkins Creek - Above Burnside Lake Rd.,
SSI-Carson-49446-H6,Hawkins Creek - Above Burnside Lake Rd.,
SSI-Carson-49446-H7,Hawkins Creek - Above Burnside Lake Rd.,
SSI-Carson-49446-H8,Hawkins Creek - Above Burnside Lake Rd.,
SSI-Carson-49446-H9,Hawkins Creek - Above Burnside Lake Rd.,
SSI-Carson-49446-H10,Hawkins Creek - Above Burnside Lake Rd.,
SSI-Carson-49446-H11,Hawkins Creek - Above Burnside Lake Rd.,
SSI-Carson-49447-A1,Hawkins Creek - Above Burnside Lake Rd.,
SSI-Carson-49447-A2,Hawkins Creek - Above Burnside Lake Rd.,
SSI-Carson-49447-A3,Hawkins Creek - Above Burnside Lake Rd.,
SSI-Carson-49447-A4,Hawkins Creek - Above Burnside Lake Rd.,
SSI-Carson-49447-A5,Hawkins Creek - Above Burnside Lake Rd.,
SSI-Carson-49447-A6,Hawkins Creek - Above Burnside Lake Rd.,
SSI-Carson-49447-A7,Hawkins Creek - Above Burnside Lake Rd.,
SSI-Carson-49447-A8,Hawkins Creek - Above Burnside Lake Rd.,
SSI-Carson-49447-A9,Hawkins Creek - Above Burnside Lake Rd.,
SSI-Carson-49447-A10,Hawkins Creek - Above Burnside Lake Rd.,
SSI-Carson-49447-A11,Hawkins Creek - Above Burnside Lake Rd.,
SSI-Carson-49447-A12,Coyote Valley - Meadow,
SSI-Carson-49447-B1,Coyote Valley - Meadow,
SSI-Carson-49447-B2,Coyote Valley - Meadow,
SSI-Carson-49447-B3,Coyote Valley - Meadow,
SSI-Carson-49447-B4,Coyote Valley - Meadow,
SSI-Carson-49447-B5,Coyote Valley - Meadow,
SSI-Carson-49447-B6,Coyote Valley - Meadow,
SSI-Carson-49447-B7,Coyote Valley - Meadow,
SSI-Carson-49447-B8,Coyote Valley - Meadow,
SSI-Carson-49447-B9,Coyote Valley - Meadow,
SSI-Carson-49447-B10,Coyote Valley - Meadow,
SSI-Carson-49447-B11,Coyote Valley - Meadow,
SSI-Carson-49447-B12,Coyote Valley - Meadow,
SSI-Carson-49447-C1,Coyote Valley - Meadow,
SSI-Carson-49447-C2,Coyote Valley - Meadow,
SSI-Carson-49447-C3,Coyote Valley - Meadow,
SSI-Carson-49447-C4,Coyote Valley - Meadow,
SSI-Carson-49447-C5,Coyote Valley - Meadow,
SSI-Carson-49447-C6,Coyote Valley - Meadow,
SSI-Carson-49447-C7,Coyote Valley - Meadow,
SSI-Carson-49447-C8,Coyote Valley - Meadow,
SSI-Carson-49447-C9,Coyote Valley - Meadow,
SSI-Carson-49447-C10,Coyote Valley - Meadow,
SSI-Carson-49447-C11,Coyote Valley - Meadow,
SSI-Carson-49447-C12,Coyote Valley - Meadow,
SSI-Carson-49447-D1,Corral Valley Creek - Below Meadow,
SSI-Carson-49447-D2,Corral Valley Creek - Below Meadow,
SSI-Carson-49447-D3,Corral Valley Creek - Below Meadow,
SSI-Carson-49447-D4,Corral Valley Creek - Below Meadow,
SSI-Carson-49447-D5,Corral Valley Creek - Below Meadow,
SSI-Carson-49447-D6,Corral Valley Creek - Below Meadow,
SSI-Carson-49447-D7,Corral Valley Creek - Below Meadow,
SSI-Carson-49447-D8,Corral Valley Creek - Below Meadow,
SSI-Carson-49447-D9,Corral Valley Creek - Below Meadow,
SSI-Carson-49447-D10,Corral Valley Creek - Below Meadow,
SSI-Carson-49447-D11,Corral Valley Creek - Below Meadow,
SSI-Carson-49447-D12,Corral Valley Creek - Below Meadow,
SSI-Carson-49447-E1,Corral Valley Creek - Below Meadow,
SSI-Carson-49447-E2,Corral Valley Creek - Below Meadow,
SSI-Carson-49447-E3,Corral Valley Creek - Below Meadow,
SSI-Carson-49447-E4,Corral Valley Creek - Below Meadow,
SSI-Carson-49447-E5,Corral Valley Creek - Below Meadow,
SSI-Carson-49447-E6,Corral Valley Creek - Below Meadow,
SSI-Carson-49447-E7,Corral Valley Creek - Below Meadow,
SSI-Carson-49447-E8,Corral Valley Creek - Below Meadow,
SSI-Carson-49447-E9,Corral Valley Creek - Below Meadow,
SSI-Carson-49447-E10,Corral Valley Creek - Below Meadow,
SSI-Carson-49447-E11,Corral Valley Creek - Below Meadow,
SSI-Carson-49447-E12,Corral Valley Creek - Below Meadow,
SSI-Carson-49447-F1,Corral Valley Creek - Below Meadow,
SSI-Carson-49447-F2,Corral Valley Creek - Below Meadow,
SSI-Carson-49447-F3,Corral Valley Creek - Below Meadow,
SSI-Carson-49447-F4,Corral Valley Creek - Below Meadow,
SSI-Carson-49447-F5,Corral Valley Creek - Below Meadow,
SSI-Carson-49447-F6,Corral Valley Creek - Below Meadow,
SSI-Carson-49447-F7,Corral Valley Creek - Below Meadow,
SSI-Carson-49447-F8,Corral Valley Creek - Below Meadow,
SSI-Carson-49447-F9,Corral Valley Creek - Below Meadow,
SSI-Carson-49447-F10,Corral Valley Creek - Below Meadow,
SSI-Carson-49447-F11,Corral Valley Creek - Below Meadow,
SSI-Carson-49447-F12,Corral Valley Creek - Below Meadow,
SSI-Carson-49447-G1,Hot Springs Creek - Grover State Park,
SSI-Carson-49447-G2,Hot Springs Creek - Grover State Park,
SSI-Carson-49447-G3,Hot Springs Creek - Grover State Park,
SSI-Carson-49447-G4,Hot Springs Creek - Grover State Park,
SSI-Carson-49447-G5,Hot Springs Creek - Grover State Park,
SSI-Carson-49447-G6,Hot Springs Creek - Grover State Park,
SSI-Carson-49447-G7,Hot Springs Creek - Grover State Park,
SSI-Carson-49447-G8,Hot Springs Creek - Grover State Park,
SSI-Carson-49447-G9,Hot Springs Creek - Grover State Park,
SSI-Carson-49447-G10,Hot Springs Creek - Grover State Park,
SSI-Carson-49447-G11,Hot Springs Creek - Grover State Park,
SSI-Carson-49447-G12,Hot Springs Creek - Grover State Park,
SSI-Carson-49447-H1,Hot Springs Creek - Grover State Park,
SSI-Carson-49447-H2,Hot Springs Creek - Grover State Park,
SSI-Carson-49447-H3,Hot Springs Creek - Grover State Park,
SSI-Carson-49447-H4,Hot Springs Creek - Grover State Park,
SSI-Carson-49447-H5,Hot Springs Creek - Grover State Park,
SSI-Carson-49447-H6,Hot Springs Creek - Grover State Park,
SSI-Carson-49447-H7,Hot Springs Creek - Grover State Park,
SSI-Carson-49447-H8,Hot Springs Creek - Grover State Park,
SSI-Carson-49447-H9,Hot Springs Creek - Grover State Park,
SSI-Carson-49447-H10,Hot Springs Creek - Grover State Park,
SSI-Carson-49447-H11,Hot Springs Creek - Grover State Park,
SSI-Carson-49448-A1,Hot Springs Creek - Grover State Park,
SSI-Carson-49448-A2,Hot Springs Creek - Grover State Park,
SSI-Carson-49448-A3,Hot Springs Creek - Grover State Park,
SSI-Carson-49448-A4,Hot Springs Creek - Grover State Park,
SSI-Carson-49448-A5,Hot Springs Creek - Grover State Park,
SSI-Carson-49448-A6,Hot Springs Creek - Grover State Park,
SSI-Carson-49448-A7,Hot Springs Creek - Grover State Park,
SSI-Carson-49448-A8,Hot Springs Creek - Grover State Park,
SSI-Carson-49448-A9,Hot Springs Creek - Grover State Park,
SSI-Carson-49448-A10,Pennsylvania Creek - Above HWY 4,
SSI-Carson-49448-A11,Pennsylvania Creek - Above HWY 4,
SSI-Carson-49448-A12,Pennsylvania Creek - Above HWY 4,
SSI-Carson-49448-B1,Pennsylvania Creek - Above HWY 4,
SSI-Carson-49448-B2,Pennsylvania Creek - Above HWY 4,
SSI-Carson-49448-B3,Pennsylvania Creek - Above HWY 4,
SSI-Carson-49448-B4,Pennsylvania Creek - Above HWY 4,
SSI-Carson-49448-B5,Pennsylvania Creek - Above HWY 4,
SSI-Carson-49448-B6,Pennsylvania Creek - Above HWY 4,
SSI-Carson-49448-B7,Pennsylvania Creek - Above HWY 4,
SSI-Carson-49448-B8,Pennsylvania Creek - Above HWY 4,
SSI-Carson-49448-B9,Pennsylvania Creek - Above HWY 4,
SSI-Carson-49448-B10,Pennsylvania Creek - Above HWY 4,
SSI-Carson-49448-B11,Pennsylvania Creek - Above HWY 4,
SSI-Carson-49448-B12,Pennsylvania Creek - Above HWY 4,
SSI-Carson-49448-C1,Pennsylvania Creek - Above HWY 4,
SSI-Carson-49448-C2,Pennsylvania Creek - Above HWY 4,
SSI-Carson-49448-C3,Pennsylvania Creek - Above HWY 4,
SSI-Carson-49448-C4,Pennsylvania Creek - Above HWY 4,
SSI-Carson-49448-C5,Pennsylvania Creek - Above HWY 4,
SSI-Carson-49448-C6,Pennsylvania Creek - Above HWY 4,
SSI-Carson-49448-C7,Pennsylvania Creek - Above HWY 4,
SSI-Carson-49448-C8,Pennsylvania Creek - Above HWY 4,
SSI-Carson-49448-C9,Pennsylvania Creek - Above HWY 4,
SSI-Carson-49448-C10,Pennsylvania Creek - Above HWY 4,
SSI-Carson-49448-C11,Charity Valley Creek - Above Blue Lakes Rd.,
SSI-Carson-49448-C12,Charity Valley Creek - Above Blue Lakes Rd.,
SSI-Carson-49448-D1,Charity Valley Creek - Above Blue Lakes Rd.,
SSI-Carson-49448-D2,Charity Valley Creek - Above Blue Lakes Rd.,
SSI-Carson-49448-D3,Charity Valley Creek - Above Blue Lakes Rd.,
SSI-Carson-49448-D4,Charity Valley Creek - Above Blue Lakes Rd.,
SSI-Carson-49448-D5,Charity Valley Creek - Above Blue Lakes Rd.,
SSI-Carson-49448-D6,Charity Valley Creek - Above Blue Lakes Rd.,
SSI-Carson-49448-D7,Charity Valley Creek - Above Blue Lakes Rd.,
SSI-Carson-49448-D8,Charity Valley Creek - Above Blue Lakes Rd.,
SSI-Carson-49448-D9,Charity Valley Creek - Above Blue Lakes Rd.,
SSI-Carson-49448-D10,Charity Valley Creek - Above Blue Lakes Rd.,
SSI-Carson-49448-D11,Charity Valley Creek - Above Blue Lakes Rd.,
SSI-Carson-49448-D12,Charity Valley Creek - Above Blue Lakes Rd.,
SSI-Carson-49448-E1,Charity Valley Creek - Above Blue Lakes Rd.,
SSI-Carson-49448-E2,Charity Valley Creek - Above Blue Lakes Rd.,
SSI-Carson-49448-E3,Charity Valley Creek - Above Blue Lakes Rd.,
SSI-Carson-49448-E4,Charity Valley Creek - Above Blue Lakes Rd.,
SSI-Carson-49448-E5,Charity Valley Creek - Above Blue Lakes Rd.,
SSI-Carson-49448-E6,Charity Valley Creek - Above Blue Lakes Rd.,
SSI-Carson-49448-E7,Willow Creek - Lower ,
SSI-Carson-49448-E8,Willow Creek - Lower ,
SSI-Carson-49448-E9,Willow Creek - Lower ,
SSI-Carson-49448-E10,Willow Creek - Lower ,
SSI-Carson-49448-E11,Willow Creek - Lower ,
SSI-Carson-49448-E12,Willow Creek - Lower ,
SSI-Carson-49448-F1,Willow Creek - Lower ,
SSI-Carson-49448-F2,Willow Creek - Lower ,
SSI-Carson-49448-F3,Willow Creek - Lower ,
SSI-Carson-49448-F4,Willow Creek - Lower ,
SSI-Carson-49448-F5,Willow Creek - Lower ,
SSI-Carson-49448-F6,Willow Creek - Lower ,
SSI-Carson-49448-F7,Willow Creek - Lower ,
SSI-Carson-49448-F8,Willow Creek - Lower ,
SSI-Carson-49448-F9,Willow Creek - Lower ,
SSI-Carson-49448-F10,Willow Creek - Lower ,
SSI-Carson-49448-F11,Willow Creek - Lower ,
SSI-Carson-49448-F12,Willow Creek - Lower ,
SSI-Truckee-49441-A1,Burton Creek,
SSI-Truckee-49441-A2,Burton Creek,
SSI-Truckee-49441-A3,Burton Creek,
SSI-Truckee-49441-A4,Burton Creek,
SSI-Truckee-49441-A5,Burton Creek,
SSI-Truckee-49441-A6,Burton Creek,
SSI-Truckee-49441-A7,Burton Creek,
SSI-Truckee-49441-A8,Burton Creek,
SSI-Truckee-49441-A9,Burton Creek,
SSI-Truckee-49441-A10,Burton Creek,
SSI-Truckee-49441-A11,Pole Creek,
SSI-Truckee-49441-A12,Pole Creek,
SSI-Truckee-49441-B1,Pole Creek,
SSI-Truckee-49441-B2,Pole Creek,
SSI-Truckee-49441-B3,Pole Creek,
SSI-Truckee-49441-B4,Pole Creek,
SSI-Truckee-49441-B5,Pole Creek,
SSI-Truckee-49441-B6,Pole Creek,
SSI-Truckee-49441-B7,Pole Creek,
SSI-Truckee-49441-B8,Pole Creek,
SSI-Truckee-49441-B9,Pole Creek,
SSI-Truckee-49441-B10,Pole Creek,
SSI-Truckee-49441-B11,Pole Creek,
SSI-Truckee-49441-B12,Pole Creek,
SSI-Truckee-49441-C1,Pole Creek,
SSI-Truckee-49441-C2,Pole Creek,
SSI-Truckee-49441-C3,Pole Creek,
SSI-Truckee-49441-C4,Pole Creek,
SSI-Truckee-49441-C5,Pole Creek,
SSI-Truckee-49441-C6,Pole Creek,
SSI-Truckee-49441-C7,Pole Creek,
SSI-Truckee-49441-C8,Pole Creek,
SSI-Truckee-49441-C9,Pole Creek,
SSI-Truckee-49441-C10,Pole Creek,
SSI-Truckee-49441-C11,Pole Creek,
SSI-Truckee-49441-C12,Pole Creek,
SSI-Truckee-49441-D1,Pole Creek,
SSI-Truckee-49441-D2,Pole Creek,
SSI-Truckee-49441-D3,Pole Creek,
SSI-Truckee-49441-D4,Pole Creek,
SSI-Truckee-49441-D5,Pole Creek,
SSI-Truckee-49441-D6,Tallac Creek,
SSI-Truckee-49441-D7,Tallac Creek,
SSI-Truckee-49441-D8,Tallac Creek,
SSI-Truckee-49441-D9,Tallac Creek,
SSI-Truckee-49441-D10,Tallac Creek,
SSI-Truckee-49441-D11,Tallac Creek,
SSI-Truckee-49441-D12,Tallac Creek,
SSI-Truckee-49441-E1,Tallac Creek,
SSI-Truckee-49441-E2,Tallac Creek,
SSI-Truckee-49441-E3,Tallac Creek,
SSI-Truckee-49441-E4,Blackwood Creek,
SSI-Truckee-49441-E5,Blackwood Creek,
SSI-Truckee-49441-E6,Blackwood Creek,
SSI-Truckee-49441-E7,Blackwood Creek,
SSI-Truckee-49441-E8,Blackwood Creek,
SSI-Truckee-49441-E9,Blackwood Creek,
SSI-Truckee-49441-E10,Blackwood Creek,
SSI-Truckee-49441-E11,Blackwood Creek,
SSI-Truckee-49441-E12,Blackwood Creek,
SSI-Truckee-49441-F1,Blackwood Creek,
SSI-Truckee-49441-F2,Blackwood Creek,
SSI-Truckee-49441-F3,Little Truckee River,
SSI-Truckee-49441-F4,Little Truckee River,
SSI-Truckee-49441-F5,Little Truckee River,
SSI-Truckee-49441-F6,Little Truckee River,
SSI-Truckee-49441-F7,Little Truckee River,
SSI-Truckee-49441-F8,Little Truckee River,
SSI-Truckee-49441-F9,Little Truckee River,
SSI-Truckee-49441-F10,Little Truckee River,
SSI-Truckee-49441-F11,Little Truckee River,
SSI-Truckee-49441-F12,Little Truckee River,
SSI-Truckee-49441-G1,Little Truckee River,
SSI-Truckee-49441-G2,Little Truckee River,
SSI-Truckee-49441-G3,Little Truckee River,
SSI-Truckee-49441-G4,Little Truckee River,
SSI-Truckee-49441-G5,Little Truckee River,
SSI-Truckee-49441-G6,Little Truckee River,
SSI-Truckee-49441-G7,Little Truckee River,
SSI-Truckee-49441-G8,Sagehen Creek lower,
SSI-Truckee-49441-G9,Sagehen Creek lower,
SSI-Truckee-49441-G10,Sagehen Creek lower,
SSI-Truckee-49441-G11,Sagehen Creek lower,
SSI-Truckee-49441-G12,Sagehen Creek lower,
SSI-Truckee-49441-H1,Sagehen Creek lower,
SSI-Truckee-49441-H2,Sagehen Creek lower,
SSI-Truckee-49441-H3,Sagehen Creek lower,
SSI-Truckee-49441-H4,Sagehen Creek lower,
SSI-Truckee-49441-H5,Sagehen Creek lower,
SSI-Truckee-49441-H6,Sagehen Creek lower,
SSI-Truckee-49441-H7,Martis Creek,
SSI-Truckee-49441-H8,Martis Creek,
SSI-Truckee-49441-H9,Martis Creek,
SSI-Truckee-49441-H10,Martis Creek,
SSI-Truckee-49441-H11,Martis Creek,
SSI-Truckee-49440-A1,Martis Creek,
SSI-Truckee-49440-A2,Cold Creek side channel,
SSI-Truckee-49440-A3,Cold Creek side channel,
SSI-Truckee-49440-A4,Cold Creek side channel,
SSI-Truckee-49440-A5,Cold Creek side channel,
SSI-Truckee-49440-A6,Cold Creek side channel,
SSI-Truckee-49440-A7,Cold Creek side channel,
SSI-Truckee-49440-A8,Cold Creek side channel,
SSI-Truckee-49440-A9,Cold Creek side channel,
SSI-Truckee-49440-A10,Cold Creek side channel,
SSI-Truckee-49440-A11,N Fk Prosser Creek,
SSI-Truckee-49440-A12,N Fk Prosser Creek,
SSI-Truckee-49440-B1,N Fk Prosser Creek,
SSI-Truckee-49440-B2,N Fk Prosser Creek,
SSI-Truckee-49440-B3,N Fk Prosser Creek,
SSI-Truckee-49440-B4,N Fk Prosser Creek,
SSI-Truckee-49440-B5,N Fk Prosser Creek,
SSI-Truckee-49440-B6,N Fk Prosser Creek,
SSI-Truckee-49440-B7,N Fk Prosser Creek,
SSI-Truckee-49440-B8,N Fk Prosser Creek,
SSI-Truckee-49440-B9,N Fk Prosser Creek,
SSI-Truckee-49440-B10,Sagehen Creek upper,
SSI-Truckee-49440-B11,Sagehen Creek upper,
SSI-Truckee-49440-B12,Sagehen Creek upper,
SSI-Truckee-49440-C1,Sagehen Creek upper,
SSI-Truckee-49440-C2,Sagehen Creek upper,
SSI-Truckee-49440-C3,Sagehen Creek upper,
SSI-Truckee-49440-C4,Sagehen Creek upper,
SSI-Truckee-49440-C5,Sagehen Creek upper,
SSI-Truckee-49440-C6,Sagehen Creek upper,
SSI-Truckee-49440-C7,Independence Creek tributary,
SSI-Truckee-49440-C8,Independence Creek tributary,
SSI-Truckee-49440-C9,Independence Creek tributary,
SSI-Truckee-49440-C10,Independence Creek tributary,
SSI-Truckee-49440-C11,Independence Creek tributary,
SSI-Truckee-49440-C12,Independence Creek tributary,
SSI-Truckee-49440-D1,Alder Creek,
SSI-Truckee-49440-D2,Alder Creek,
SSI-Truckee-49440-D3,Alder Creek,
SSI-Truckee-49440-D4,Alder Creek,
SSI-Truckee-49440-D5,Alder Creek,
SSI-Truckee-49440-D6,Alder Creek,
SSI-Truckee-49440-D7,Alder Creek,
SSI-Truckee-49440-D8,Alder Creek,
SSI-Truckee-49440-D9,Alder Creek,
SSI-Truckee-49440-D10,Alder Creek,
SSI-Truckee-49440-D11,Alder Creek,
SSI-Truckee-49440-D12,Alder Creek,